epoch,loss,mIoU
0,0.4481242895126343,0.45
1,0.4056079685688019,0.54
2,0.3922485113143921,0.54
3,0.37365254759788513,0.54
4,0.3743847906589508,0.55
