epoch,loss,mIoU
0,0.7173959612846375,0.35
1,0.7337970733642578,0.37
2,0.723206102848053,0.37
3,0.7315167784690857,0.37
4,0.7398784756660461,0.37
