loss;miou;set
0.7217701077461243;0.39;train
0.6378012895584106;0.4;val
